{
    "loss": 4.885955333709717,
    "accuracy": 0.5522222518920898
}